Trade number,Tip,Tarih ve saat,Sinyal,Fiyat TRY,Boyut (miktar),Boyut (değer),Net PnL TRY,Getiri %,Doğrusal hareket TRY,Doğrusal hareket %,Tersine hareket TRY,Tersine hareket %,Cumulative PnL TRY,Cumulative PnL %,Duration (bars)
1,Exit long,2024-02-07 12:45,SMC_SAT,73.25,4,282.4,10.6,3.75,10.6,3.75,-3,-1.06,10.6,0.11,43
1,Entry long,2024-02-06 10:30,BOS+OB,70.6,4,282.4,10.6,3.75,10.6,3.75,-3,-1.06,10.6,0.11,43
2,Exit long,2024-02-14 14:15,SMC_SAT,72.1,4,298,-9.6,-3.22,8.8,2.95,-9.6,-3.22,1,0.01,150
2,Entry long,2024-02-08 10:45,BOS+OB,74.5,4,298,-9.6,-3.22,8.8,2.95,-9.6,-3.22,1,0.01,150
3,Exit long,2024-03-04 10:15,SMC_SAT,71.15,4,293,-8.4,-2.87,14.8,5.05,-8.4,-2.87,-7.4,-0.07,412
3,Entry long,2024-02-14 17:45,BOS+OB,73.25,4,293,-8.4,-2.87,14.8,5.05,-8.4,-2.87,-7.4,-0.07,412
4,Exit long,2024-03-28 14:45,SMC_SAT,76.2,4,287.8,17,5.91,17,5.91,-4.2,-1.46,9.6,0.10,29
4,Entry long,2024-03-27 16:00,BOS+OB,71.95,4,287.8,17,5.91,17,5.91,-4.2,-1.46,9.6,0.10,29
5,Exit long,2024-05-10 10:00,SMC_SAT,91.75,4,350,17,4.86,17,4.86,-2.6,-0.74,26.6,0.27,179
5,Entry long,2024-05-02 16:15,BOS+OB,87.5,4,350,17,4.86,17,4.86,-2.6,-0.74,26.6,0.27,179
6,Exit long,2024-05-20 10:30,SMC_SAT,98.1,3,275.4,18.9,6.86,18.9,6.86,-0.9,-0.33,45.5,0.46,115
6,Entry long,2024-05-14 15:45,BOS+OB,91.8,3,275.4,18.9,6.86,18.9,6.86,-0.9,-0.33,45.5,0.46,115
7,Exit long,2024-05-27 15:30,SMC_SAT,96.35,3,300.45,-11.4,-3.79,13.95,4.64,-11.4,-3.79,34.1,0.34,155
7,Entry long,2024-05-21 10:45,BOS+OB,100.2,3,300.45,-11.4,-3.79,13.95,4.64,-11.4,-3.79,34.1,0.34,155
8,Exit long,2024-06-13 10:15,SMC_SAT,90.3,4,346.8,14.4,4.15,14.4,4.15,-1.2,-0.35,48.5,0.49,20
8,Entry long,2024-06-12 13:45,BOS+OB,86.7,4,346.8,14.4,4.15,14.4,4.15,-1.2,-0.35,48.5,0.49,20
9,Exit long,2024-07-03 17:15,SMC_SAT,93.55,3,262.65,18,6.85,18,6.85,0,0.00,66.5,0.66,41
9,Entry long,2024-07-02 15:30,BOS+OB,87.55,3,262.65,18,6.85,18,6.85,0,0.00,66.5,0.66,41
10,Exit long,2024-07-16 10:00,SMC_SAT,103.4,3,291.9,18.3,6.27,18.3,6.27,-0.3,-0.10,84.8,0.85,66
10,Entry long,2024-07-11 10:30,BOS+OB,97.3,3,291.9,18.3,6.27,18.3,6.27,-0.3,-0.10,84.8,0.85,66
11,Exit long,2024-08-23 10:45,SMC_SAT,85.8,3,263.25,-5.85,-2.22,8.1,3.08,-5.85,-2.22,78.95,0.79,219
11,Entry long,2024-08-14 15:30,BOS+OB,87.75,3,263.25,-5.85,-2.22,8.1,3.08,-5.85,-2.22,78.95,0.79,219
12,Exit long,2024-09-11 10:15,SMC_SAT,87.05,3,270.3,-9.15,-3.39,1.65,0.61,-9.15,-3.39,69.8,0.70,81
12,Entry long,2024-09-06 15:30,BOS+OB,90.1,3,270.3,-9.15,-3.39,1.65,0.61,-9.15,-3.39,69.8,0.70,81
13,Exit long,2024-11-18 10:15,SMC_SAT,80.55,4,330.2,-8,-2.42,0.2,0.06,-8,-2.42,61.8,0.62,10
13,Entry long,2024-11-15 16:15,BOS+OB,82.55,4,330.2,-8,-2.42,0.2,0.06,-8,-2.42,61.8,0.62,10
14,Exit long,2024-12-09 17:00,SMC_SAT,95.7,4,329.6,53.2,16.14,53.2,16.14,-2,-0.61,115,1.15,407
14,Entry long,2024-11-21 17:15,BOS+OB,82.4,4,329.6,53.2,16.14,53.2,16.14,-2,-0.61,115,1.15,407
15,Exit long,2024-12-10 15:30,SMC_SAT,93.25,3,287.25,-7.5,-2.61,0,0.00,-7.5,-2.61,107.5,1.08,26
15,Entry long,2024-12-09 17:30,BOS+OB,95.75,3,287.25,-7.5,-2.61,0,0.00,-7.5,-2.61,107.5,1.08,26
16,Exit long,2024-12-12 17:30,SMC_SAT,92,3,282,-6,-2.13,0,0.00,-6,-2.13,101.5,1.01,4
16,Entry long,2024-12-12 16:30,BOS+OB,94,3,282,-6,-2.13,0,0.00,-6,-2.13,101.5,1.01,4
17,Exit long,2024-12-19 10:15,SMC_SAT,91.1,3,281.25,-7.95,-2.83,2.85,1.01,-7.95,-2.83,93.55,0.94,42
17,Entry long,2024-12-17 16:45,BOS+OB,93.75,3,281.25,-7.95,-2.83,2.85,1.01,-7.95,-2.83,93.55,0.94,42
18,Exit long,2024-12-30 17:45,SMC_SAT,93.1,3,285.9,-6.6,-2.31,1.65,0.58,-6.6,-2.31,86.95,0.87,32
18,Entry long,2024-12-30 09:45,BOS+OB,95.3,3,285.9,-6.6,-2.31,1.65,0.58,-6.6,-2.31,86.95,0.87,32
19,Exit long,2025-01-13 11:15,SMC_SAT,94.8,3,291,-6.6,-2.27,7.65,2.63,-6.6,-2.27,80.35,0.80,55
19,Entry long,2025-01-09 14:30,BOS+OB,97,3,291,-6.6,-2.27,7.65,2.63,-6.6,-2.27,80.35,0.80,55
20,Exit long,2025-01-22 17:30,SMC_SAT,96.9,3,275.4,15.3,5.56,15.3,5.56,-0.6,-0.22,95.65,0.96,137
20,Entry long,2025-01-16 17:15,BOS+OB,91.8,3,275.4,15.3,5.56,15.3,5.56,-0.6,-0.22,95.65,0.96,137
21,Exit long,2025-02-25 10:00,SMC_SAT,91.5,3,287.25,-12.75,-4.44,5.4,1.88,-12.75,-4.44,82.9,0.83,73
21,Entry long,2025-02-20 17:15,BOS+OB,95.75,3,287.25,-12.75,-4.44,5.4,1.88,-12.75,-4.44,82.9,0.83,73
22,Exit long,2025-03-19 09:45,SMC_SAT,93.85,3,304.05,-22.5,-7.40,8.85,2.91,-22.5,-7.40,60.4,0.60,209
22,Entry long,2025-03-10 17:00,BOS+OB,101.4,3,304.05,-22.5,-7.40,8.85,2.91,-22.5,-7.40,60.4,0.60,209
23,Exit long,2025-04-30 10:15,SMC_SAT,72.5,4,305.4,-15.4,-5.04,25.6,8.38,-15.4,-5.04,45,0.45,786
23,Entry long,2025-03-24 17:45,BOS+OB,76.35,4,305.4,-15.4,-5.04,25.6,8.38,-15.4,-5.04,45,0.45,786
24,Exit long,2025-05-07 15:30,SMC_SAT,71.05,4,288.6,-4.4,-1.52,5.2,1.80,-4.4,-1.52,40.6,0.41,54
24,Entry long,2025-05-06 10:30,BOS+OB,72.15,4,288.6,-4.4,-1.52,5.2,1.80,-4.4,-1.52,40.6,0.41,54
25,Exit long,2025-05-12 11:15,SMC_SAT,76.9,4,292,15.6,5.34,15.6,5.34,-5,-1.71,56.2,0.56,36
25,Entry long,2025-05-09 10:45,BOS+OB,73,4,292,15.6,5.34,15.6,5.34,-5,-1.71,56.2,0.56,36
26,Exit long,2025-05-23 16:15,SMC_SAT,75.35,4,311.2,-9.8,-3.15,2.4,0.77,-9.8,-3.15,46.4,0.46,121
26,Entry long,2025-05-20 11:30,BOS+OB,77.8,4,311.2,-9.8,-3.15,2.4,0.77,-9.8,-3.15,46.4,0.46,121
27,Exit long,2025-05-30 11:45,SMC_SAT,74.7,4,306.8,-8,-2.61,3,0.98,-8,-2.61,38.4,0.38,60
27,Entry long,2025-05-28 13:45,BOS+OB,76.7,4,306.8,-8,-2.61,3,0.98,-8,-2.61,38.4,0.38,60
28,Exit long,2025-06-18 11:15,SMC_SAT,78.25,4,323.2,-10.2,-3.16,4.2,1.30,-10.2,-3.16,28.2,0.28,46
28,Entry long,2025-06-16 16:45,BOS+OB,80.8,4,323.2,-10.2,-3.16,4.2,1.30,-10.2,-3.16,28.2,0.28,46
29,Exit long,2025-07-08 13:15,SMC_SAT,88.3,3,272.55,-7.65,-2.81,7.05,2.59,-7.65,-2.81,20.55,0.21,147
29,Entry long,2025-07-02 10:30,BOS+OB,90.85,3,272.55,-7.65,-2.81,7.05,2.59,-7.65,-2.81,20.55,0.21,147
30,Exit long,2025-07-16 15:45,SMC_SAT,87.2,3,266.25,-4.65,-1.75,1.5,0.56,-4.65,-1.75,15.9,0.16,20
30,Entry long,2025-07-16 10:45,BOS+OB,88.75,3,266.25,-4.65,-1.75,1.5,0.56,-4.65,-1.75,15.9,0.16,20
31,Exit long,2025-07-31 10:45,SMC_SAT,93.65,3,267.9,13.05,4.87,13.05,4.87,-0.75,-0.28,28.95,0.29,321
31,Entry long,2025-07-17 15:30,BOS+OB,89.3,3,267.9,13.05,4.87,13.05,4.87,-0.75,-0.28,28.95,0.29,321
32,Exit long,2025-08-15 11:30,SMC_SAT,94.2,3,292.35,-9.75,-3.34,2.7,0.92,-9.75,-3.34,19.2,0.19,120
32,Entry long,2025-08-11 15:30,BOS+OB,97.45,3,292.35,-9.75,-3.34,2.7,0.92,-9.75,-3.34,19.2,0.19,120
33,Exit long,2025-09-08 09:45,SMC_SAT,82.9,4,344,-12.4,-3.60,5.4,1.57,-12.4,-3.60,6.8,0.07,58
33,Entry long,2025-09-04 12:15,BOS+OB,86,4,344,-12.4,-3.60,5.4,1.57,-12.4,-3.60,6.8,0.07,58
34,Exit long,2025-09-12 10:15,SMC_SAT,84,4,342.8,-6.8,-1.98,11.4,3.33,-6.8,-1.98,0,0.00,43
34,Entry long,2025-09-10 16:30,BOS+OB,85.7,4,342.8,-6.8,-1.98,11.4,3.33,-6.8,-1.98,0,0.00,43
35,Exit long,2025-09-22 10:00,SMC_SAT,95.05,3,274.5,10.65,3.88,10.65,3.88,-4.2,-1.53,10.65,0.11,12
35,Entry long,2025-09-19 15:30,BOS+OB,91.5,3,274.5,10.65,3.88,10.65,3.88,-4.2,-1.53,10.65,0.11,12
36,Exit long,2025-11-03 10:00,SMC_SAT,81.4,4,314.6,11,3.50,11,3.50,-2,-0.64,21.65,0.22,57
36,Entry long,2025-10-30 12:45,BOS+OB,78.65,4,314.6,11,3.50,11,3.50,-2,-0.64,21.65,0.22,57
37,Exit long,2025-12-22 14:15,SMC_SAT,83.1,4,344.4,-12,-3.48,1.6,0.46,-12,-3.48,9.65,0.10,163
37,Entry long,2025-12-15 16:00,BOS+OB,86.1,4,344.4,-12,-3.48,1.6,0.46,-12,-3.48,9.65,0.10,163
38,Exit long,2026-01-19 14:15,SMC_SAT,94.9,4,345,34.6,10.03,34.6,10.03,-2.6,-0.75,44.25,0.44,374
38,Entry long,2026-01-02 14:15,BOS+OB,86.25,4,345,34.6,10.03,34.6,10.03,-2.6,-0.75,44.25,0.44,374
39,Exit long,2026-01-23 13:30,SMC_SAT,95.75,3,276.9,10.35,3.74,10.35,3.74,-2.1,-0.76,54.6,0.55,58
39,Entry long,2026-01-21 16:00,BOS+OB,92.3,3,276.9,10.35,3.74,10.35,3.74,-2.1,-0.76,54.6,0.55,58
40,Exit long,2026-01-29 14:15,SMC_SAT,105.6,3,286.8,29.85,10.41,29.85,10.41,-2.4,-0.84,84.45,0.84,117
40,Entry long,2026-01-26 10:30,BOS+OB,95.6,3,286.8,29.85,10.41,29.85,10.41,-2.4,-0.84,84.45,0.84,117
41,Exit long,2026-02-02 09:45,SMC_SAT,104.3,3,321,-8.1,-2.52,6.15,1.92,-8.1,-2.52,76.35,0.76,11
41,Entry long,2026-01-30 15:30,BOS+OB,107,3,321,-8.1,-2.52,6.15,1.92,-8.1,-2.52,76.35,0.76,11
42,Exit long,2026-03-19 09:45,SMC_SAT,90.95,3,278.55,-5.7,-2.05,6.6,2.37,-5.7,-2.05,70.65,0.71,50
42,Entry long,2026-03-17 14:15,BOS+OB,92.85,3,278.55,-5.7,-2.05,6.6,2.37,-5.7,-2.05,70.65,0.71,50
43,Exit long,2026-04-17 15:45,SMC_SAT,102.3,3,295.8,10.95,3.70,10.95,3.70,-1.8,-0.61,81.6,0.82,142
43,Entry long,2026-04-13 14:15,BOS+OB,98.6,3,295.8,10.95,3.70,10.95,3.70,-1.8,-0.61,81.6,0.82,142
44,Exit long,2026-05-15 10:15,SMC_SAT,93.8,3,287.4,-6,-2.09,4.95,1.72,-6,-2.09,75.6,0.76,48
44,Entry long,2026-05-13 15:15,BOS+OB,95.8,3,287.4,-6,-2.09,4.95,1.72,-6,-2.09,75.6,0.76,48
45,Exit long,2026-05-21 16:30,SMC_SAT,90.55,3,276.6,-4.95,-1.79,0,0.00,-4.95,-1.79,70.65,0.71,15
45,Entry long,2026-05-21 12:45,BOS+OB,92.2,3,276.6,-4.95,-1.79,0,0.00,-4.95,-1.79,70.65,0.71,15
46,Exit long,2026-06-04 11:15,SMC_SAT,90.55,3,279.9,-8.25,-2.95,0,0.00,-8.25,-2.95,62.4,0.62,41
46,Entry long,2026-06-02 18:00,BOS+OB,93.3,3,279.9,-8.25,-2.95,0,0.00,-8.25,-2.95,62.4,0.62,41
47,Exit long,2026-06-10 12:00,SMC_SAT,90.25,3,274.35,-3.6,-1.31,0.6,0.22,-3.6,-1.31,58.8,0.59,6
47,Entry long,2026-06-10 10:30,BOS+OB,91.45,3,274.35,-3.6,-1.31,0.6,0.22,-3.6,-1.31,58.8,0.59,6